<?xml version="1.0" encoding="UTF-8" standalone="no"?>
<!-- Generated 11 ene 2022 10:11:14 by Hibernate Tools 5.5.7.Final --><!DOCTYPE hibernate-mapping PUBLIC "-//Hibernate/Hibernate Mapping DTD 3.0//EN" "http://www.hibernate.org/dtd/hibernate-mapping-3.0.dtd">
<hibernate-mapping auto-import="true" default-access="property" default-cascade="none" default-lazy="true">
    <class catalog="empresadesarrollosoftware" dynamic-insert="false" dynamic-update="false" mutable="true" name="practicaHibernate.Empleado" optimistic-lock="none" polymorphism="implicit" select-before-update="false" table="empleado">
        <id name="dni" type="string">
            <column length="9" name="dni"/>
            <generator class="assigned"/>
        </id>
        <property generated="never" lazy="false" name="nombre" optimistic-lock="true" type="string" unique="false">
            <column length="50" name="nombre" not-null="true"/>
        </property>
        <property generated="never" lazy="false" name="apellidos" optimistic-lock="true" type="string" unique="false">
            <column length="100" name="apellidos" not-null="true"/>
        </property>
        <property generated="never" lazy="false" name="telefono" optimistic-lock="true" type="string" unique="false">
            <column length="9" name="telefono" not-null="true"/>
        </property>
        <set embed-xml="true" fetch="select" inverse="true" lazy="true" mutable="true" name="proyectos" optimistic-lock="true" sort="unsorted" table="asignacionproyecto">
            <key on-delete="noaction">
                <column length="9" name="dni" not-null="true"/>
            </key>
            <many-to-many embed-xml="true" entity-name="practicaHibernate.Proyecto" not-found="exception" unique="false">
                <column length="50" name="nombreProyecto" not-null="true"/>
            </many-to-many>
        </set>
        <set embed-xml="true" fetch="select" inverse="true" lazy="true" mutable="true" name="tareas" optimistic-lock="true" sort="unsorted" table="asignaciontarea">
            <key on-delete="noaction">
                <column length="9" name="dni" not-null="true"/>
            </key>
            <many-to-many embed-xml="true" entity-name="practicaHibernate.Tarea" not-found="exception" unique="false">
                <column length="50" name="nombreTarea" not-null="true"/>
                <column length="50" name="nombreProyecto" not-null="true"/>
            </many-to-many>
        </set>
    </class>
</hibernate-mapping>
