<?xml version="1.0" encoding="UTF-8" standalone="no"?>
<!-- Generated 11 ene 2022 10:11:14 by Hibernate Tools 5.5.7.Final --><!DOCTYPE hibernate-mapping PUBLIC "-//Hibernate/Hibernate Mapping DTD 3.0//EN" "http://www.hibernate.org/dtd/hibernate-mapping-3.0.dtd">
<hibernate-mapping auto-import="true" default-access="property" default-cascade="none" default-lazy="true">
    <class catalog="empresadesarrollosoftware" dynamic-insert="false" dynamic-update="false" mutable="true" name="practicaHibernate.Proyecto" optimistic-lock="none" polymorphism="implicit" select-before-update="false" table="proyecto">
        <id name="nombreProyecto" type="string">
            <column length="50" name="nombreProyecto"/>
            <generator class="assigned"/>
        </id>
        <property generated="never" lazy="false" name="duracion" optimistic-lock="true" type="int" unique="false">
            <column name="duracion" not-null="true"/>
        </property>
        <property generated="never" lazy="false" name="fechaInicio" optimistic-lock="true" type="date" unique="false">
            <column length="10" name="fechaInicio" not-null="true"/>
        </property>
        <property generated="never" lazy="false" name="fechaFin" optimistic-lock="true" type="date" unique="false">
            <column length="10" name="fechaFin"/>
        </property>
        <set embed-xml="true" fetch="select" inverse="false" lazy="true" mutable="true" name="empleados" optimistic-lock="true" sort="unsorted" table="asignacionproyecto">
            <key on-delete="noaction">
                <column length="50" name="nombreProyecto" not-null="true"/>
            </key>
            <many-to-many embed-xml="true" entity-name="practicaHibernate.Empleado" not-found="exception" unique="false">
                <column length="9" name="dni" not-null="true"/>
            </many-to-many>
        </set>
        <set embed-xml="true" fetch="select" inverse="true" lazy="true" mutable="true" name="tareas" optimistic-lock="true" sort="unsorted" table="tarea">
            <key on-delete="noaction">
                <column length="50" name="nombreProyecto" not-null="true"/>
            </key>
            <one-to-many class="practicaHibernate.Tarea" embed-xml="true" not-found="exception"/>
        </set>
    </class>
</hibernate-mapping>
