<?xml version="1.0" encoding="UTF-8" standalone="no"?>
<!-- Generated 11 ene 2022 10:11:14 by Hibernate Tools 5.5.7.Final --><!DOCTYPE hibernate-mapping PUBLIC "-//Hibernate/Hibernate Mapping DTD 3.0//EN" "http://www.hibernate.org/dtd/hibernate-mapping-3.0.dtd">
<hibernate-mapping auto-import="true" default-access="property" default-cascade="none" default-lazy="true">
    <class catalog="empresadesarrollosoftware" dynamic-insert="false" dynamic-update="false" mutable="true" name="practicaHibernate.Tarea" optimistic-lock="none" polymorphism="implicit" select-before-update="false" table="tarea">
        <composite-id class="practicaHibernate.TareaId" mapped="false" name="id" unsaved-value="undefined">
            <key-property name="nombreTarea" type="string">
                <column length="50" name="nombreTarea"/>
            </key-property>
            <key-property name="nombreProyecto" type="string">
                <column length="50" name="nombreProyecto"/>
            </key-property>
        </composite-id>
        <many-to-one class="practicaHibernate.Proyecto" embed-xml="true" fetch="select" insert="false" name="proyecto" not-found="exception" optimistic-lock="true" unique="false" update="false">
            <column length="50" name="nombreProyecto" not-null="true"/>
        </many-to-one>
        <property generated="never" lazy="false" name="horasEstimadas" optimistic-lock="true" type="int" unique="false">
            <column name="horasEstimadas" not-null="true"/>
        </property>
        <property generated="never" lazy="false" name="estado" optimistic-lock="true" type="string" unique="false">
            <column length="50" name="estado" not-null="true"/>
        </property>
        <set embed-xml="true" fetch="select" inverse="false" lazy="true" mutable="true" name="empleados" optimistic-lock="true" sort="unsorted" table="asignaciontarea">
            <key on-delete="noaction">
                <column length="50" name="nombreTarea" not-null="true"/>
                <column length="50" name="nombreProyecto" not-null="true"/>
            </key>
            <many-to-many embed-xml="true" entity-name="practicaHibernate.Empleado" not-found="exception" unique="false">
                <column length="9" name="dni" not-null="true"/>
            </many-to-many>
        </set>
    </class>
</hibernate-mapping>
